player,rank,tier,cliff,pct_drop,matches,modal_role,pred_pts_per_match,pred_season_total,mean_pts,median_pts,std_pts,floor_p10,ceiling_p90,cv,dud_rate,boom_rate,expected_games,games_confidence,batting_pts_pct,bowling_pts_pct,prev_total,gap,team_2025,typical_bat_pos,avg_overs_bowled
SA Yadav,1,1,False,,16,Middle Order Bat,87.34659972159209,1048.0,93.4375,90.0,31.7888214104686,57.5,136.5,0.34,0.0,0.75,12.0,High,88.6,0.0,,,Mumbai Indians,4.0,0.0
SS Iyer,2,2,True,22.1,17,Top Order Bat,62.75656529725039,816.0,76.3529411764706,58.0,67.64885547486242,10.0,181.2,0.89,0.24,0.47,13.0,High,87.2,0.0,1048.0,232.0,Punjab Kings,3.0,0.0
B Sai Sudharsan,3,2,True,3.9,15,Opener,65.34744651430589,784.0,102.33333333333331,98.0,53.95059468316051,34.6,172.0,0.53,0.0,0.8,12.0,High,89.2,0.0,816.0,32.0,Gujarat Titans,1.0,0.0
H Klaasen,4,3,True,7.3,13,Middle Order Bat,72.6846428864985,727.0,79.46153846153847,64.0,48.89208420016371,44.6,129.80000000000004,0.62,0.0,0.62,10.0,Medium,83.3,0.0,784.0,57.0,Sunrisers Hyderabad,5.0,0.0
N Pooran,5,3,False,0.0,14,Top Order Bat,66.0619800601087,727.0,86.14285714285714,78.5,66.88895176433749,22.3,181.70000000000005,0.78,0.0,0.57,11.0,Medium,86.2,0.0,727.0,0.0,Lucknow Super Giants,3.0,0.0
JM Sharma,6,3,False,0.8,15,Lower Middle Bat,60.05788642709133,721.0,51.0,34.0,47.14567091169968,14.8,83.6,0.92,0.13,0.33,12.0,High,64.2,0.0,727.0,6.0,Royal Challengers Bengaluru,6.0,0.0
JC Buttler,7,3,False,2.1,14,Top Order Bat,64.1418889608994,706.0,84.0,75.5,60.55258363286726,13.5,152.70000000000002,0.72,0.14,0.71,11.0,Medium,83.3,0.0,721.0,15.0,Gujarat Titans,3.0,0.0
HH Pandya,8,3,True,4.7,15,Bowling AR,56.07499597230405,673.0,67.66666666666667,52.0,66.65333199973327,7.4,144.0,0.99,0.33,0.4,12.0,High,38.4,50.3,706.0,33.0,Mumbai Indians,6.0,2.3
KL Rahul,9,3,False,3.1,13,Middle Order Bat,65.20976140830732,652.0,83.15384615384616,64.0,70.14728095686264,19.0,200.60000000000005,0.84,0.0,0.62,10.0,Medium,89.3,0.0,673.0,21.0,Delhi Capitals,4.0,0.0
Shashank Singh,10,3,False,0.2,14,Lower Middle Bat,59.22553853459983,651.0,52.785714285714285,37.5,46.98637866679853,5.3,114.5,0.89,0.36,0.43,11.0,Medium,80.9,0.4,652.0,1.0,Punjab Kings,6.0,0.1
Shubman Gill,11,3,False,2.8,15,Opener,52.74744651430576,633.0,89.73333333333333,78.0,62.975581057452814,14.4,173.4,0.7,0.13,0.67,12.0,High,87.5,0.0,651.0,18.0,Gujarat Titans,2.0,0.0
N Wadhera,12,3,False,1.3,15,Middle Order Bat,52.1184232418474,625.0,52.13333333333333,25.0,42.56904755246245,16.8,108.0,0.82,0.07,0.33,12.0,High,82.7,0.1,633.0,8.0,Punjab Kings,5.0,0.1
V Kohli,13,3,False,1.0,15,Opener,51.56849273212924,619.0,85.13333333333334,97.0,46.88110595152481,18.6,134.0,0.55,0.07,0.67,12.0,High,89.5,0.0,625.0,6.0,Royal Challengers Bengaluru,2.0,0.0
MR Marsh,14,3,False,1.1,13,Opener,61.205978566059365,612.0,98.3846153846154,112.0,69.96610901183809,3.200000000000001,164.4,0.71,0.23,0.69,10.0,Medium,92.3,0.0,619.0,7.0,Lucknow Super Giants,2.0,0.0
A Badoni,15,3,False,2.0,13,Middle Order Bat,59.95188742244481,600.0,57.84615384615385,58.0,39.05945500952395,13.6,91.6,0.68,0.15,0.46,10.0,Medium,75.1,10.5,612.0,12.0,Lucknow Super Giants,5.0,0.1
Noor Ahmad,16,4,False,4.7,14,Pure Bowler,51.9612926300654,572.0,71.14285714285714,52.5,50.28359136377951,26.9,145.10000000000002,0.71,0.07,0.43,11.0,Medium,0.7,91.9,600.0,28.0,Chennai Super Kings,10.0,3.6
Tilak Varma,17,4,False,0.0,16,Middle Order Bat,47.63416767022589,572.0,46.0625,41.0,37.92003648029187,11.5,97.0,0.82,0.38,0.38,12.0,High,78.6,0.0,572.0,0.0,Mumbai Indians,5.0,0.0
KH Pandya,18,4,False,1.4,15,Pure Bowler,47.01956012182705,564.0,60.86666666666667,47.0,52.54231854510456,9.4,132.79999999999998,0.86,0.33,0.47,12.0,High,19.8,68.6,572.0,8.0,Royal Challengers Bengaluru,8.0,3.1
YBK Jaiswal,19,4,False,0.9,14,Opener,50.78441830946632,559.0,88.64285714285714,99.5,50.35658560988537,21.3,138.8,0.57,0.0,0.64,11.0,Medium,86.0,0.0,564.0,5.0,Rajasthan Royals,1.0,0.0
Dhruv Jurel,20,4,False,1.1,13,Middle Order Bat,55.34519618944575,553.0,56.69230769230769,58.0,43.7252494092079,13.4,109.0,0.77,0.15,0.46,10.0,Medium,80.7,0.0,559.0,6.0,Rajasthan Royals,5.0,0.0
R Parag,21,4,False,0.2,14,Batting AR,50.16350760172293,552.0,71.35714285714286,65.5,52.03934479404411,25.9,85.80000000000001,0.73,0.07,0.57,11.0,Medium,71.6,12.0,553.0,1.0,Rajasthan Royals,4.0,1.4
Naman Dhir,22,4,False,0.2,14,Lower Middle Bat,50.05059027165628,551.0,46.142857142857146,40.0,31.573740654238275,14.4,90.90000000000002,0.68,0.14,0.29,11.0,Medium,68.7,1.2,552.0,1.0,Mumbai Indians,7.0,0.3
S Dube,23,4,False,0.5,14,Middle Order Bat,49.78400093373499,548.0,50.0,44.0,26.355556996872306,19.8,78.7,0.53,0.07,0.36,11.0,Medium,86.1,0.1,551.0,3.0,Chennai Super Kings,4.0,0.1
RA Jadeja,24,4,False,1.6,14,Batting AR,49.002457271820994,539.0,72.57142857142857,78.5,46.25134390681868,15.4,127.10000000000004,0.64,0.14,0.57,11.0,Medium,49.5,37.9,548.0,9.0,Chennai Super Kings,4.0,2.7
T Stubbs,25,4,False,0.6,14,Lower Middle Bat,48.75388751109664,536.0,48.785714285714285,59.5,28.17303285448303,7.800000000000001,73.4,0.58,0.29,0.5,11.0,Medium,71.7,0.4,539.0,3.0,Delhi Capitals,6.0,0.1
MS Dhoni,26,4,False,0.2,14,Lower Middle Bat,48.645811431386754,535.0,37.85714285714285,29.5,29.14118719628271,8.6,77.30000000000001,0.77,0.29,0.29,11.0,Medium,62.6,0.0,536.0,1.0,Chennai Super Kings,7.0,0.0
M Prasidh Krishna,27,5,False,3.7,15,Pure Bowler,42.9052883444179,515.0,68.66666666666667,75.0,38.52951867755176,18.800000000000004,102.4,0.56,0.13,0.67,12.0,High,0.0,90.9,535.0,20.0,Gujarat Titans,,3.9
P Simran Singh,28,5,False,0.4,18,Opener,36.64525351001984,513.0,71.83333333333333,59.5,55.43225860559578,14.0,159.60000000000002,0.77,0.17,0.5,14.0,High,87.6,0.0,515.0,2.0,Punjab Kings,2.0,0.0
R Sai Kishore,29,5,False,1.9,15,Pure Bowler,41.90576469038668,503.0,50.53333333333333,44.0,32.39238593661583,6.4,82.2,0.64,0.2,0.4,12.0,High,0.7,88.0,513.0,10.0,Gujarat Titans,10.0,2.8
SO Hetmyer,30,5,False,0.8,14,Lower Middle Bat,45.318343721353706,499.0,40.785714285714285,33.5,29.50665784433841,12.9,81.80000000000004,0.72,0.14,0.14,11.0,Medium,68.5,0.0,503.0,4.0,Rajasthan Royals,6.0,0.0
AD Russell,31,5,False,1.6,12,Bowling AR,54.53408546338387,491.0,56.833333333333336,56.5,38.88639241626195,12.0,90.1,0.68,0.25,0.5,9.0,Medium,48.2,40.6,499.0,8.0,Kolkata Knight Riders,7.0,1.5
JR Hazlewood,32,5,False,0.8,12,Pure Bowler,54.16473727055262,487.0,74.66666666666667,84.0,47.6794854558366,12.500000000000002,121.5,0.64,0.17,0.58,9.0,Medium,0.0,93.7,491.0,4.0,Royal Challengers Bengaluru,11.0,3.7
TA Boult,33,5,False,1.0,16,Pure Bowler,40.20146711427756,482.0,59.1875,45.5,45.262521287852856,9.0,123.0,0.76,0.25,0.38,12.0,High,0.2,93.2,487.0,5.0,Mumbai Indians,10.0,3.6
SE Rutherford,34,5,False,0.6,11,Middle Order Bat,53.24181324284842,479.0,54.09090909090909,62.0,28.28234270867442,17.0,82.0,0.52,0.09,0.55,9.0,Medium,85.5,0.0,482.0,3.0,Gujarat Titans,4.0,0.0
M Jansen,35,5,False,0.0,14,Pure Bowler,43.54250628910947,479.0,61.35714285714285,55.5,37.38491498093674,19.700000000000003,95.8,0.61,0.14,0.43,11.0,Medium,13.9,75.9,479.0,0.0,Punjab Kings,8.0,3.4
Arshdeep Singh,36,5,False,1.9,16,Pure Bowler,39.14024421830179,470.0,58.5625,54.0,43.898320013412814,6.0,112.0,0.75,0.25,0.5,12.0,High,0.2,88.7,479.0,9.0,Punjab Kings,10.0,3.6
TH David,37,5,False,0.4,10,Lower Middle Bat,58.49496503087456,468.0,47.9,44.5,38.87429885041158,5.9,94.5,0.81,0.2,0.3,8.0,Medium,74.1,0.0,470.0,2.0,Royal Challengers Bengaluru,7.0,0.0
A Raghuvanshi,38,6,False,2.1,11,Middle Order Bat,50.84431754057953,458.0,53.27272727272727,56.0,28.625481337755385,13.0,78.0,0.54,0.18,0.36,9.0,Medium,86.0,0.0,468.0,10.0,Kolkata Knight Riders,4.0,0.0
RM Patidar,39,6,False,1.5,14,Middle Order Bat,40.998572229796125,451.0,44.57142857142857,28.5,35.60188907199315,15.5,95.70000000000005,0.8,0.14,0.21,11.0,Medium,85.3,0.0,458.0,7.0,Royal Challengers Bengaluru,4.0,0.0
JP Inglis,40,6,False,0.9,11,Top Order Bat,49.68323267290472,447.0,61.09090909090909,65.0,42.02726387823634,23.0,100.0,0.69,0.0,0.55,9.0,Medium,75.9,0.0,451.0,4.0,Punjab Kings,3.0,0.0
Priyansh Arya,41,6,False,0.2,18,Opener,31.87163436724483,446.0,67.83333333333333,51.0,59.46946819216414,12.000000000000002,147.3,0.88,0.11,0.33,14.0,High,84.3,0.0,447.0,1.0,Punjab Kings,1.0,0.0
PJ Cummins,42,6,False,0.4,14,Pure Bowler,40.386445038388885,444.0,62.07142857142857,65.0,51.71737438411596,5.800000000000001,126.7,0.83,0.29,0.57,11.0,Medium,18.8,72.0,446.0,2.0,Sunrisers Hyderabad,8.0,3.6
Aniket Verma,43,6,False,1.8,13,Lower Middle Bat,43.62631119791685,436.0,41.69230769230769,26.0,39.22878325792728,13.4,76.80000000000001,0.94,0.15,0.23,10.0,Medium,78.2,0.0,444.0,8.0,Sunrisers Hyderabad,6.0,0.0
V Nigam,44,6,False,0.0,14,Pure Bowler,39.66231803971028,436.0,56.85714285714285,49.0,48.37808967331762,7.3,105.4,0.85,0.29,0.5,11.0,Medium,32.7,53.8,436.0,0.0,Delhi Capitals,8.0,2.8
DL Chahar,45,6,False,1.6,14,Pure Bowler,39.03321501339315,429.0,41.35714285714285,42.5,29.593676930819434,7.6,81.90000000000002,0.72,0.29,0.21,11.0,Medium,11.2,77.7,436.0,7.0,Mumbai Indians,9.0,2.9
D Brevis,46,6,False,2.3,6,Middle Order Bat,83.78378402921855,419.0,84.16666666666667,85.0,39.23476349701456,44.0,123.5,0.47,0.0,0.83,5.0,Low,81.8,0.0,429.0,10.0,Chennai Super Kings,5.0,0.0
RD Rickelton,47,6,False,0.5,14,Opener,37.88136945406775,417.0,71.0,61.5,39.2251881399616,31.2,127.7,0.55,0.0,0.5,11.0,Medium,73.4,0.0,419.0,2.0,Mumbai Indians,1.0,0.0
RR Pant,48,6,False,0.2,14,Middle Order Bat,37.85926347720839,416.0,42.92857142857143,23.5,62.62030180222863,6.0,95.60000000000008,1.46,0.36,0.14,11.0,Medium,80.0,0.0,417.0,1.0,Lucknow Super Giants,4.0,0.0
RK Singh,49,6,False,0.5,11,Lower Middle Bat,46.04977968247773,414.0,45.27272727272727,39.0,25.612851887639955,27.0,72.0,0.57,0.09,0.27,9.0,Medium,71.9,0.0,416.0,2.0,Kolkata Knight Riders,6.0,0.0
Harshit Rana,50,6,False,1.0,13,Pure Bowler,40.993455486241714,410.0,57.84615384615385,67.0,37.17491572249168,14.2,95.8,0.64,0.15,0.62,10.0,Medium,13.2,77.5,414.0,4.0,Kolkata Knight Riders,9.0,3.4
Ishan Kishan,51,6,False,0.5,14,Top Order Bat,37.0665649235609,408.0,55.85714285714285,23.0,70.17215878204024,5.3,161.6000000000001,1.26,0.36,0.36,11.0,Medium,80.1,0.0,410.0,2.0,Sunrisers Hyderabad,3.0,0.0
JJ Bumrah,52,6,False,0.7,12,Pure Bowler,44.98552952234239,405.0,70.66666666666667,54.5,48.16323255032796,19.3,136.10000000000002,0.68,0.08,0.42,9.0,Medium,0.0,89.2,408.0,3.0,Mumbai Indians,11.0,3.9
Ashutosh Sharma,53,6,False,1.7,10,Lower Middle Bat,49.77885831199181,398.0,43.2,29.0,42.17371482596977,5.9,84.89999999999998,0.98,0.2,0.3,8.0,Medium,82.9,0.0,405.0,7.0,Delhi Capitals,7.0,0.0
AK Markram,54,6,False,0.0,13,Opener,39.770397991837,398.0,84.3076923076923,80.0,53.95736683621094,22.6,152.4,0.64,0.08,0.69,10.0,Medium,73.1,13.8,398.0,0.0,Lucknow Super Giants,1.0,0.8
Abhishek Sharma,55,6,False,1.5,14,Opener,35.657538918863004,392.0,72.64285714285714,49.5,76.35907798820512,6.9,149.10000000000002,1.05,0.21,0.43,11.0,Medium,82.7,2.2,398.0,6.0,Sunrisers Hyderabad,1.0,0.8
PD Salt,56,6,False,1.5,13,Opener,38.5883893503301,386.0,73.76923076923077,66.0,49.67755000358789,20.0,139.60000000000002,0.67,0.08,0.54,10.0,Medium,82.5,0.0,392.0,6.0,Royal Challengers Bengaluru,1.0,0.0
AM Rahane,57,6,False,0.0,12,Top Order Bat,42.897364338704,386.0,68.16666666666667,62.0,35.15636069006143,31.2,122.8,0.52,0.0,0.58,9.0,Medium,86.3,0.0,386.0,0.0,Kolkata Knight Riders,3.0,0.0
B Kumar,58,7,False,2.3,14,Pure Bowler,34.26843998455965,377.0,54.21428571428572,49.0,31.598876736191286,21.6,82.7,0.58,0.07,0.29,11.0,Medium,2.4,86.0,386.0,9.0,Royal Challengers Bengaluru,9.0,3.7
Nithish Kumar Reddy,59,7,False,0.3,13,Middle Order Bat,37.639918274558624,376.0,36.38461538461539,37.0,21.65078313263541,7.200000000000001,61.60000000000001,0.6,0.23,0.15,10.0,Medium,59.2,16.3,377.0,1.0,Sunrisers Hyderabad,4.0,0.4
HV Patel,60,7,False,0.5,13,Pure Bowler,37.42723177744463,374.0,53.23076923076923,46.0,48.62467454244784,7.800000000000001,134.20000000000005,0.91,0.23,0.23,10.0,Medium,3.0,88.6,376.0,2.0,Sunrisers Hyderabad,9.0,3.4
KK Ahmed,61,7,False,0.8,14,Pure Bowler,33.725547131317875,371.0,47.42857142857143,46.5,36.67888574289927,6.0,84.70000000000002,0.77,0.36,0.36,11.0,Medium,0.2,91.4,374.0,3.0,Chennai Super Kings,11.0,3.3
M Shahrukh Khan,62,7,False,0.8,11,Middle Order Bat,40.85511235283188,368.0,40.36363636363637,24.0,34.929279200329134,16.0,78.0,0.87,0.09,0.27,9.0,Medium,71.4,7.0,371.0,3.0,Gujarat Titans,5.0,0.1
AR Patel,63,7,False,2.2,13,Batting AR,35.99444850648034,360.0,63.69230769230769,52.0,48.31905182462472,16.200000000000003,125.6,0.76,0.15,0.46,10.0,Medium,56.2,29.1,368.0,8.0,Delhi Capitals,5.0,2.8
WG Jacks,64,7,False,0.6,13,Other,35.7729957622326,358.0,57.76923076923077,40.0,46.77099144796527,12.6,126.0,0.81,0.15,0.38,10.0,Medium,54.2,29.3,360.0,2.0,Mumbai Indians,3.0,1.1
Mohammed Siraj,65,7,False,0.3,15,Pure Bowler,29.746641507798028,357.0,52.8,41.0,50.35757851888546,5.000000000000001,120.4,0.95,0.27,0.27,12.0,High,0.4,88.8,358.0,1.0,Gujarat Titans,11.0,3.8
Abdul Samad,66,7,False,1.7,13,Lower Middle Bat,35.08519074318096,351.0,30.846153846153847,14.0,29.04836815223348,6.0,66.80000000000001,0.94,0.54,0.23,10.0,Medium,72.8,0.2,357.0,6.0,Lucknow Super Giants,7.0,0.0
VG Arora,67,7,False,0.9,12,Pure Bowler,38.65420453010787,348.0,59.66666666666666,50.0,30.7374019524728,32.5,97.2,0.52,0.08,0.33,9.0,Medium,0.0,90.5,351.0,3.0,Kolkata Knight Riders,10.0,3.5
CV Varun,68,7,False,2.6,13,Pure Bowler,33.94370127306349,339.0,59.84615384615385,73.0,39.874482554314845,11.4,97.2,0.67,0.23,0.54,10.0,Medium,0.1,88.3,348.0,9.0,Kolkata Knight Riders,11.0,3.8
YS Chahal,69,7,False,0.3,13,Pure Bowler,33.84200939166604,338.0,49.76923076923077,37.0,49.89848669407695,5.600000000000001,133.00000000000006,1.0,0.31,0.23,10.0,Medium,0.0,91.7,339.0,1.0,Punjab Kings,,3.5
Yash Dayal,70,7,False,0.3,15,Pure Bowler,28.05698922939048,337.0,39.4,41.0,29.04380927397192,6.6000000000000005,84.6,0.74,0.33,0.2,12.0,High,0.7,89.2,338.0,1.0,Royal Challengers Bengaluru,10.0,3.3
MA Starc,71,7,False,0.9,12,Pure Bowler,37.117875514131,334.0,55.75,32.5,60.73508047249135,5.700000000000001,130.3,1.09,0.33,0.25,9.0,Medium,0.9,86.8,337.0,3.0,Delhi Capitals,9.0,3.2
MJ Santner,72,7,False,5.1,13,Pure Bowler,31.714738655015108,317.0,46.23076923076923,36.0,36.07666338543021,13.4,83.60000000000001,0.78,0.15,0.23,10.0,Medium,11.0,67.7,334.0,17.0,Mumbai Indians,8.0,3.0
R Shepherd,73,7,False,3.8,7,Other,60.99220586781015,305.0,59.285714285714285,46.0,40.58207439134626,26.0,104.8,0.68,0.14,0.43,5.0,Low,34.2,51.8,317.0,12.0,Royal Challengers Bengaluru,7.0,2.0
RG Sharma,74,8,False,3.6,15,Opener,24.48140994113481,294.0,58.53333333333333,35.0,57.97396788543072,13.8,152.0,0.99,0.13,0.27,12.0,High,89.7,0.0,305.0,11.0,Mumbai Indians,1.0,0.0
A Kamboj,75,8,False,1.7,8,Pure Bowler,48.10454417435888,289.0,49.5,51.0,35.04283093587046,9.2,77.69999999999999,0.71,0.25,0.12,6.0,Low,5.6,83.8,294.0,5.0,Chennai Super Kings,9.0,2.7
MP Stoinis,76,8,False,0.3,12,Other,32.034067771881546,288.0,34.0,23.0,30.08472883525642,7.2,76.0,0.88,0.33,0.17,9.0,Medium,72.1,12.7,289.0,1.0,Punjab Kings,7.0,1.2
Ashwani Kumar,77,8,False,1.0,7,Pure Bowler,56.91853928551844,285.0,63.0,52.0,52.389566391283175,22.200000000000003,114.80000000000004,0.83,0.14,0.43,5.0,Low,0.0,94.1,288.0,3.0,Mumbai Indians,,2.9
TM Head,78,8,False,0.7,12,Opener,31.41440412229454,283.0,68.66666666666667,44.0,57.41924500522187,12.8,149.3,0.84,0.17,0.42,9.0,Medium,87.1,0.0,285.0,2.0,Sunrisers Hyderabad,2.0,0.0
Arshad Khan,79,8,False,1.8,9,Pure Bowler,39.7714806105373,278.0,37.55555555555556,39.0,9.888264649460885,30.200000000000003,47.2,0.26,0.0,0.0,7.0,Medium,12.1,67.8,283.0,5.0,Gujarat Titans,9.0,2.3
R Tewatia,80,8,False,1.1,14,Lower Middle Bat,24.996103583276657,275.0,18.5,16.0,12.87663357821804,7.2,29.90000000000001,0.7,0.43,0.0,11.0,Medium,62.2,0.0,278.0,3.0,Gujarat Titans,6.0,0.0
SN Thakur,81,8,False,2.5,10,Pure Bowler,33.458494370562306,268.0,54.1,48.5,42.53743449402342,13.6,94.79999999999998,0.79,0.1,0.4,8.0,Medium,5.2,87.1,275.0,7.0,Lucknow Super Giants,7.0,3.4
DA Miller,82,8,False,0.4,10,Lower Middle Bat,33.31501018563732,267.0,32.7,31.5,18.12947262823102,10.8,59.2,0.55,0.2,0.1,8.0,Medium,72.5,0.0,268.0,1.0,Lucknow Super Giants,6.0,0.0
N Rana,83,8,False,1.1,11,Top Order Bat,29.287565089684293,264.0,44.63636363636363,21.0,56.05046427510253,12.0,109.0,1.26,0.36,0.27,9.0,Medium,85.3,0.0,267.0,3.0,Rajasthan Royals,3.0,0.2
Harpreet Brar,84,8,False,3.0,7,Pure Bowler,51.13125622025482,256.0,58.42857142857143,42.0,37.05337205913088,26.200000000000003,100.4,0.63,0.14,0.43,5.0,Low,4.2,90.0,264.0,8.0,Punjab Kings,10.0,3.1
KV Sharma,85,8,False,0.8,5,Pure Bowler,50.84727313889558,254.0,54.4,36.0,51.09598810082843,8.8,109.6,0.94,0.4,0.4,5.0,Low,0.4,90.1,256.0,2.0,Mumbai Indians,10.0,3.0
M Pathirana,86,8,False,1.2,12,Pure Bowler,27.87670976846386,251.0,46.333333333333336,53.0,38.14883134950969,5.1,89.30000000000001,0.82,0.42,0.42,9.0,Medium,0.0,89.9,254.0,3.0,Chennai Super Kings,,3.5
Mukesh Kumar,87,8,False,0.4,12,Pure Bowler,27.81620661042168,250.0,43.333333333333336,37.5,45.46193879266346,7.0,71.30000000000001,1.05,0.33,0.17,9.0,Medium,0.0,94.2,251.0,1.0,Delhi Capitals,,3.3
VR Iyer,88,8,False,1.6,8,Middle Order Bat,40.94805570870441,246.0,40.25,16.5,49.14628310317213,10.5,104.1,1.22,0.38,0.25,6.0,Low,75.2,0.0,250.0,4.0,Kolkata Knight Riders,5.0,0.0
JC Archer,89,8,False,0.0,12,Pure Bowler,27.32029461898,246.0,52.91666666666666,51.0,31.34401010874278,16.8,73.10000000000001,0.59,0.08,0.42,9.0,Medium,16.2,76.9,246.0,0.0,Rajasthan Royals,8.0,3.8
JD Unadkat,90,8,False,2.0,7,Pure Bowler,48.16258385568863,241.0,63.71428571428572,51.0,43.05699434359953,25.800000000000004,116.4,0.68,0.14,0.43,5.0,Low,0.0,89.7,246.0,5.0,Sunrisers Hyderabad,,3.4
E Malinga,91,8,False,0.0,7,Pure Bowler,48.29886697589339,241.0,72.28571428571429,79.0,25.499766572227585,39.0,94.8,0.35,0.0,0.71,5.0,Low,0.0,92.1,241.0,0.0,Sunrisers Hyderabad,,3.8
Kuldeep Yadav,92,8,False,1.2,14,Pure Bowler,21.675142193595285,238.0,48.285714285714285,47.5,37.13266977790804,8.0,90.8,0.77,0.36,0.36,11.0,Medium,3.8,85.5,241.0,3.0,Delhi Capitals,10.0,3.8
Washington Sundar,93,8,False,0.0,6,Other,47.51374366180692,238.0,60.16666666666666,50.0,34.781700169294005,29.0,101.5,0.58,0.0,0.5,5.0,Low,61.8,23.3,238.0,0.0,Gujarat Titans,4.0,1.8
D Padikkal,94,8,False,0.8,10,Top Order Bat,29.513169232350563,236.0,52.5,46.0,45.57594394707219,4.7,108.5,0.87,0.3,0.5,8.0,Medium,86.3,0.0,238.0,2.0,Royal Challengers Bengaluru,3.0,0.0
V Puthur,95,8,False,0.4,5,Pure Bowler,47.07991072659874,235.0,46.8,36.0,35.28030612112089,22.4,81.0,0.75,0.2,0.2,5.0,Low,0.0,88.9,236.0,1.0,Mumbai Indians,,2.4
A Mhatre,96,8,False,1.3,7,Opener,46.48817495067726,232.0,79.42857142857143,82.0,61.12789091420583,13.0,134.60000000000002,0.77,0.14,0.71,5.0,Low,84.2,0.0,235.0,3.0,Chennai Super Kings,1.0,0.0
SV Samson,97,8,False,0.9,9,Opener,32.795959255155545,230.0,66.11111111111111,69.0,38.87944329734045,24.6,113.6,0.59,0.0,0.56,7.0,Medium,83.9,0.0,232.0,2.0,Rajasthan Royals,2.0,0.0
Avesh Khan,98,8,False,0.0,13,Pure Bowler,23.010260806010628,230.0,43.69230769230769,40.0,31.19664676260526,9.400000000000002,66.80000000000001,0.71,0.15,0.23,10.0,Medium,6.9,85.7,230.0,0.0,Lucknow Super Giants,9.0,3.6
LS Livingstone,99,8,False,1.3,9,Middle Order Bat,32.43290769783739,227.0,37.55555555555556,18.0,40.345728123034014,4.4,91.2,1.07,0.44,0.22,7.0,Medium,57.4,20.7,230.0,3.0,Royal Challengers Bengaluru,5.0,1.0
V Shankar,100,8,False,2.6,5,Middle Order Bat,44.28706882141594,221.0,44.4,27.0,40.2715780669196,15.2,87.80000000000001,0.91,0.2,0.2,5.0,Low,82.9,0.0,227.0,6.0,Chennai Super Kings,4.0,0.0
Ravi Bishnoi,101,8,False,2.7,12,Pure Bowler,23.94224747645056,215.0,36.91666666666666,30.0,28.253586524814004,5.700000000000001,74.10000000000001,0.77,0.33,0.33,9.0,Medium,5.6,79.9,221.0,6.0,Lucknow Super Giants,8.0,3.1
PHKD Mendis,102,8,False,0.5,5,Bowling AR,42.72770267966389,214.0,51.4,56.0,46.48978382397578,4.2,98.2,0.9,0.4,0.4,5.0,Low,55.3,30.7,215.0,1.0,Sunrisers Hyderabad,7.0,1.4
V Suryavanshi,103,8,False,3.3,7,Opener,41.365528359061216,207.0,79.42857142857143,74.0,75.78007025345812,8.0,159.80000000000004,0.95,0.29,0.57,5.0,Low,90.3,0.0,214.0,7.0,Rajasthan Royals,2.0,0.0
SB Dubey,104,8,False,1.0,8,Lower Middle Bat,34.15185945952628,205.0,29.75,21.5,24.33545326708105,9.2,61.3,0.82,0.25,0.12,6.0,Low,78.2,0.0,207.0,2.0,Rajasthan Royals,7.0,0.0
GJ Maxwell,105,8,False,5.9,7,Bowling AR,38.576624345597175,193.0,42.57142857142857,43.0,25.039017172253008,13.8,69.2,0.59,0.14,0.29,5.0,Low,25.5,52.3,205.0,12.0,Punjab Kings,6.0,1.9
TU Deshpande,106,8,False,4.1,10,Pure Bowler,23.17374674592707,185.0,37.0,30.0,36.00925806881706,0.9,75.89999999999999,0.97,0.4,0.3,8.0,Medium,1.9,90.0,193.0,8.0,Rajasthan Royals,10.0,3.2
DS Rathi,107,8,False,0.0,13,Pure Bowler,18.501633247911776,185.0,46.84615384615385,48.0,24.3133918991371,14.6,74.0,0.52,0.15,0.31,10.0,Medium,0.2,87.7,185.0,0.0,Lucknow Super Giants,11.0,4.0
Azmatullah Omarzai,108,8,False,4.9,8,Pure Bowler,29.36050043889217,176.0,51.625,43.5,30.51902217119209,23.8,84.69999999999999,0.59,0.12,0.38,6.0,Low,24.0,71.2,185.0,9.0,Punjab Kings,8.0,3.4
Ramandeep Singh,109,8,False,0.6,7,Tail,35.039274582523134,175.0,21.571428571428573,18.0,15.10912685384944,6.800000000000001,37.2,0.7,0.43,0.0,5.0,Low,48.3,0.0,176.0,1.0,Kolkata Knight Riders,8.0,0.0
Suyash Sharma,110,8,False,0.6,14,Pure Bowler,15.830621248068631,174.0,32.285714285714285,15.5,38.13423370437356,5.2,76.70000000000005,1.18,0.43,0.14,11.0,Medium,0.0,87.2,175.0,1.0,Royal Challengers Bengaluru,,3.6
Abishek Porel,111,8,False,0.6,13,Opener,17.304018368997745,173.0,49.15384615384615,62.0,29.07990759340589,15.2,81.80000000000001,0.59,0.08,0.54,10.0,Medium,81.2,0.0,174.0,1.0,Delhi Capitals,3.0,0.0
A Manohar,112,8,False,6.4,7,Lower Middle Bat,32.33335823050757,162.0,25.571428571428573,18.0,27.43390325161637,7.2,52.00000000000002,1.07,0.43,0.14,5.0,Low,53.1,0.0,173.0,11.0,Sunrisers Hyderabad,7.0,0.0
RA Bawa,113,8,False,2.5,5,Unknown,31.545371668945243,158.0,11.6,12.0,0.8944271909999157,10.8,12.0,0.08,1.0,0.0,5.0,Low,13.8,0.0,162.0,4.0,Mumbai Indians,7.0,0.0
KK Nair,114,8,False,1.9,8,Opener,25.76666549514773,155.0,58.75,34.0,65.2549943354092,2.0,121.89999999999998,1.11,0.25,0.38,6.0,Low,81.3,0.0,158.0,3.0,Delhi Capitals,2.0,0.0
M Theekshana,115,8,False,3.2,11,Pure Bowler,16.721082878696393,150.0,41.63636363636363,41.0,27.11188937448929,10.0,75.0,0.65,0.27,0.36,9.0,Medium,2.2,91.3,155.0,5.0,Rajasthan Royals,9.0,3.8
MM Ali,116,8,False,2.7,6,Pure Bowler,29.154284142263258,146.0,47.0,51.5,31.12555220393688,11.0,78.5,0.66,0.33,0.5,5.0,Low,1.8,86.9,150.0,4.0,Kolkata Knight Riders,8.0,2.7
PWH de Silva,117,8,False,2.7,11,Pure Bowler,15.828518643110884,142.0,43.63636363636363,39.0,44.8135531447189,5.0,72.0,1.03,0.36,0.18,9.0,Medium,1.5,86.9,146.0,4.0,Rajasthan Royals,6.0,3.7
I Sharma,118,8,False,2.8,7,Pure Bowler,27.65539740890481,138.0,27.0,39.0,16.502525059315417,7.4,40.4,0.61,0.29,0.0,5.0,Low,0.0,86.2,142.0,4.0,Gujarat Titans,,2.6
RD Gaikwad,119,8,False,0.7,5,Top Order Bat,27.49613679638903,137.0,55.2,13.0,62.87447812904692,7.0,124.2,1.14,0.6,0.4,5.0,Low,81.2,0.0,138.0,1.0,Chennai Super Kings,3.0,0.0
Sandeep Sharma,120,8,False,9.5,10,Pure Bowler,15.487187626503236,124.0,36.8,37.5,22.74887054583394,11.1,67.0,0.62,0.2,0.2,8.0,Medium,1.6,90.2,137.0,13.0,Rajasthan Royals,11.0,3.6
Rashid Khan,121,8,False,0.8,15,Pure Bowler,10.23868695735677,123.0,36.8,29.0,32.56904753201814,4.4,73.0,0.89,0.33,0.2,12.0,High,11.6,70.3,124.0,1.0,Gujarat Titans,7.0,3.7
R Ashwin,122,8,False,2.4,9,Pure Bowler,17.078830666611992,120.0,40.44444444444444,40.0,26.828674543811847,12.4,70.2,0.66,0.22,0.22,7.0,Medium,14.0,73.4,123.0,3.0,Chennai Super Kings,4.0,3.4
DJ Hooda,123,8,False,1.7,6,Middle Order Bat,23.59844220268453,118.0,15.333333333333334,6.5,19.012276735485067,3.5,36.0,1.24,0.67,0.0,5.0,Low,46.7,1.1,120.0,2.0,Chennai Super Kings,8.0,0.2
PVD Chameera,124,8,False,0.8,6,Pure Bowler,23.43928065605316,117.0,27.33333333333333,37.5,19.345972879818337,2.5,42.0,0.71,0.33,0.0,5.0,Low,6.1,87.8,118.0,1.0,Delhi Capitals,9.0,2.8
Mohammed Shami,125,8,False,3.4,9,Pure Bowler,16.082856653476988,113.0,31.33333333333333,38.0,27.97320146139873,0.8,56.00000000000001,0.89,0.44,0.11,7.0,Medium,5.0,85.1,117.0,4.0,Sunrisers Hyderabad,10.0,3.3
SM Curran,126,8,False,2.7,5,Batting AR,21.985171065322035,110.0,57.6,22.0,72.73444850962989,14.4,131.0,1.26,0.2,0.2,5.0,Low,71.5,16.7,113.0,3.0,Chennai Super Kings,3.0,2.4
Vijaykumar Vyshak,127,8,False,7.3,5,Pure Bowler,20.31876324742251,102.0,35.0,46.0,28.381331892636755,5.0,60.8,0.81,0.4,0.2,5.0,Low,0.0,90.9,110.0,8.0,Punjab Kings,,3.4
SP Narine,128,8,False,4.9,12,Batting AR,10.827184137506464,97.0,91.08333333333331,70.5,68.16618507646433,20.3,186.00000000000003,0.75,0.08,0.67,9.0,Medium,44.1,44.7,102.0,5.0,Kolkata Knight Riders,2.0,3.8
Zeeshan Ansari,129,8,False,6.2,10,Pure Bowler,11.344427431244137,91.0,29.4,19.0,32.301358760550265,5.4,54.09999999999998,1.1,0.5,0.1,8.0,Medium,0.0,81.6,97.0,6.0,Sunrisers Hyderabad,,3.4
DP Conway,130,8,False,7.7,6,Opener,16.847638754570347,84.0,52.333333333333336,23.0,52.08710652999134,15.5,118.5,1.0,0.17,0.33,5.0,Low,86.0,0.0,91.0,7.0,Chennai Super Kings,2.0,0.0
F du Plessis,131,8,False,17.9,9,Opener,9.869363491059424,69.0,47.55555555555556,34.0,46.84311878790499,5.4,118.4,0.99,0.44,0.33,7.0,Medium,81.8,0.0,84.0,15.0,Delhi Capitals,2.0,0.0
Akash Deep,132,8,False,15.9,6,Pure Bowler,11.550240767008148,58.0,24.166666666666668,11.5,27.80947080882099,5.0,56.0,1.15,0.5,0.17,5.0,Low,8.3,91.7,69.0,11.0,Lucknow Super Giants,8.0,3.2
R Ravindra,133,8,False,10.3,8,Opener,8.58753256972787,52.0,46.125,39.5,42.56906153534513,7.7,89.8,0.92,0.5,0.5,6.0,Low,83.7,0.0,58.0,6.0,Chennai Super Kings,1.0,0.0
Prince Yadav,134,8,False,23.1,6,Pure Bowler,7.97252986798425,40.0,35.0,31.0,26.260236099471765,10.5,63.5,0.75,0.5,0.33,5.0,Low,2.4,74.8,52.0,12.0,Lucknow Super Giants,9.0,3.8
Q de Kock,135,8,False,40.0,8,Opener,3.9346209241400913,24.0,42.25,13.0,67.8669917664587,5.0,99.99999999999996,1.61,0.62,0.12,6.0,Low,82.2,0.0,40.0,16.0,Kolkata Knight Riders,1.0,0.0
MM Sharma,136,8,False,50.0,8,Pure Bowler,1.976341315233292,12.0,15.0,9.5,16.449055552566797,0.4000000000000001,39.5,1.1,0.75,0.0,6.0,Low,0.8,77.5,24.0,12.0,Delhi Capitals,11.0,3.1
Rahmanullah Gurbaz,137,8,False,225.0,5,Opener,-2.994837971119509,-15.0,36.8,25.0,31.673332631726648,8.2,71.2,0.86,0.4,0.4,5.0,Low,76.1,0.0,12.0,27.0,Kolkata Knight Riders,1.0,0.0
SK Rasheed,138,8,False,-86.7,5,Opener,-5.613088434483629,-28.0,30.2,27.0,24.201239637671456,11.2,52.60000000000001,0.8,0.2,0.2,5.0,Low,80.1,0.0,-15.0,13.0,Chennai Super Kings,1.0,0.0
RA Tripathi,139,8,False,-42.9,5,Top Order Bat,-8.097935051962978,-40.0,22.6,24.0,14.808781178746615,8.8,37.0,0.66,0.4,0.0,5.0,Low,75.2,0.0,-28.0,12.0,Chennai Super Kings,3.0,0.0
Fazalhaq Farooqi,140,8,False,-7.5,5,Pure Bowler,-8.52984449479267,-43.0,5.4,6.0,4.61519230368573,1.0,10.0,0.85,1.0,0.0,5.0,Low,7.4,92.6,-40.0,3.0,Rajasthan Royals,11.0,3.4
J Fraser-McGurk,141,8,True,-123.3,6,Opener,-19.17267751256209,-96.0,23.83333333333333,12.5,33.126525122123304,3.5,55.5,1.39,0.5,0.17,5.0,Low,66.4,0.0,-43.0,53.0,Delhi Capitals,1.0,0.0
